,country,beta,gamma,r_0
0,CYPRUS,0.0000002,0.02077768,0.0000097
1,SPAIN,0.00000001,0.32810844,0.00000003
2,ITALY,0.00000001,0.4,0.00000002
3,UNITED KINGDOM,0.00000001,0.4,0.00000002
4,US,0.00000001,0.00000005,0.18688683
5,INDIA,0.00000001,5.623334451331055e-06,0.0017783043293170975
6,CHINA,0.00000001,5.623334451331055e-06,0.0017783043293170975
