,country,beta,gamma,r_0
0,CYPRUS,2.0145038791815324e-07,0.02079748417677774,9.686286389537958e-06
1,SPAIN,1e-08,1.0700538510855832e-05,0.0009345324059957238
2,ITALY,1e-08,5.623334451331055e-06,0.0017783043293170975
3,UNITED KINGDOM,1e-08,5.623334451331055e-06,0.0017783043293170975
4,US,1e-08,5.623334451331055e-06,0.0017783043293170975
5,INDIA,1e-08,5.623334451331055e-06,0.0017783043293170975
6,CHINA,1e-08,5.623334451331055e-06,0.0017783043293170975
